<?xml version="1.0" encoding="UTF-8"?>
<project-private xmlns="http://www.netbeans.org/ns/project-private/1">
    <editor-bookmarks xmlns="http://www.netbeans.org/ns/editor-bookmarks/2" lastBookmarkId="0"/>
    <open-files xmlns="http://www.netbeans.org/ns/projectui-open-files/2">
        <group>
            <file>file:/home/WebDiP_02/bromic/project/php_funkcije/podnesenePrijave.php</file>
            <file>file:/home/WebDiP_02/bromic/project/javascript/bromic_jquery.js</file>
            <file>file:/home/WebDiP_02/bromic/project/funkcije_moderatora/odustali_od_utrke.php</file>
        </group>
    </open-files>
</project-private>
